k,Stump=3,Stump=2
5,0.7494458941,0.742278734
10,0.753333388,0.7554886664
20,0.7502387213,0.7462312254
