stump,K=10
5,0.7528954495
10,0.7439282352
20,0.7552621832
